movie_id,name,trailer
1,Batman v Superman:Dawn of Justice,https://www.youtube.com/watch?v=Cle_rKBpZ28
2,Captain America: Civil War,https://www.youtube.com/watch?v=dKrVegVI0Us
3,10 Cloverfield Lane,https://www.youtube.com/watch?v=saHzng8fxLs
4,X-Men: Apocalypse,https://www.youtube.com/watch?v=PfBVIHgQbYk
5,Zootopia ,https://www.youtube.com/watch?v=bY73vFGhSVk
6,Allegiant ,
7,Deadpool ,
8,Gods of Egypt,
9,Kung Fu Panda 3,
10,Ghostbusters ,
11,My Big Fat Greek Wedding 2,
12,Now You See Me 2 ,
13,Now You See Me,
14,Warcraft ,
15,How to Be Single,
16,Jason Bourne,
17,The Bourne Identity (2002),
18,The Bourne Supremacy,
19,The Bourne Ultimatum,
20,The Bourne Legacy,
21,Interstellar,
22,Star Wars: Episode VI - Return of the Jedi,
23,Braveheart,
24,Star Wars: Episode VII - The Force Awakens,
25,3 Idiots,
26,Inside Out,
27,Gone Girl,
28,Rush,
29,Mad Max: Fury Road,
30,12 Years a Slave,
31,The Avengers,
32,Beauty and the Beast,
33,Inception ,
34,Star Wars: Episode V - The Empire Strikes Back,
35,The Lord of the Rings: The Two Towers,
36,The Matrix ,
37,Terminator,
38,X-Men: Days of Future Past,
39,Rush Hour,
40,Titanic,
41,The Wolf of Wall Street,
42,The Revenant,
43,Shutter Island,
44,Harry Potter and the Sorcerer's Stone,
45,Harry Potter and the Goblet of Fire,
46,The Hunger Games:Mockingjay-Part 2,
47,The Hunger Games,
48,Divergent,
49,Insurgent,
50,The Maze Runner,
51,Magic Mike,